<?xml version="1.0" encoding="UTF-8"?>
<project-private xmlns="http://www.netbeans.org/ns/project-private/1">
    <editor-bookmarks xmlns="http://www.netbeans.org/ns/editor-bookmarks/2" lastBookmarkId="0"/>
    <open-files xmlns="http://www.netbeans.org/ns/projectui-open-files/2">
        <group>
            <file>file:/home/emmanuel/NetBeansProjects/VillageNewComersRegistrationSystem(VNCRS)/src/java/com/src/domain/PreviousCountry.java</file>
            <file>file:/home/emmanuel/NetBeansProjects/VillageNewComersRegistrationSystem(VNCRS)/src/java/com/src/domain/Person.java</file>
            <file>file:/home/emmanuel/NetBeansProjects/VillageNewComersRegistrationSystem(VNCRS)/src/java/com/src/service/RegistrationServiceImpl.java</file>
            <file>file:/home/emmanuel/NetBeansProjects/VillageNewComersRegistrationSystem(VNCRS)/src/java/com/src/service/RegistrationService.java</file>
            <file>file:/home/emmanuel/NetBeansProjects/VillageNewComersRegistrationSystem(VNCRS)/src/java/com/src/domain/Profile.java</file>
            <file>file:/home/emmanuel/NetBeansProjects/VillageNewComersRegistrationSystem(VNCRS)/test/com/src/service/RegistrationServiceImplNGTest.java</file>
            <file>file:/home/emmanuel/NetBeansProjects/VillageNewComersRegistrationSystem(VNCRS)/src/java/Config.java</file>
        </group>
    </open-files>
</project-private>
